frame,xmin,xmax,ymin,ymax,class_id
1478020228190773357.jpg,110,128,142,153,1
1478020228190773357.jpg,133,141,141,152,1
1478020228190773357.jpg,236,244,123,134,5
1478020228190773357.jpg,244,251,127,138,5
1478020228190773357.jpg,245,251,131,137,5
1478020228190773357.jpg,254,261,126,135,5
1478020228190773357.jpg,255,264,129,137,5
1478020228190773357.jpg,256,263,138,150,1
1478020228190773357.jpg,264,280,140,153,1
1478020228190773357.jpg,385,406,137,154,1
1478020228190773357.jpg,388,405,138,153,1
1478020228692053378.jpg,98,120,139,154,1
1478020228692053378.jpg,125,138,139,151,1
1478020228692053378.jpg,238,246,120,132,5
1478020228692053378.jpg,246,252,130,136,5
1478020228692053378.jpg,246,253,125,136,5
1478020228692053378.jpg,255,264,127,136,5
1478020228692053378.jpg,257,263,124,133,5
1478020228692053378.jpg,259,266,137,149,1
1478020228692053378.jpg,269,289,138,151,1
1478020228692053378.jpg,420,442,132,149,1
1478020228692053378.jpg,424,440,127,151,1
1478020229191580445.jpg,82,106,139,154,1
1478020229191580445.jpg,117,128,139,151,1
1478020229191580445.jpg,128,139,136,151,1
1478020229191580445.jpg,239,247,121,132,5
1478020229191580445.jpg,246,253,125,136,5
1478020229191580445.jpg,248,254,128,134,5
1478020229191580445.jpg,257,265,122,133,5
1478020229191580445.jpg,258,266,126,135,5
1478020229191580445.jpg,263,269,137,148,1
1478020229191580445.jpg,269,292,135,152,1
1478020229693065514.jpg,72,91,137,157,1
1478020229693065514.jpg,86,104,140,156,1
1478020229693065514.jpg,92,102,142,155,1
1478020229693065514.jpg,101,116,141,153,1
1478020229693065514.jpg,116,130,134,153,1
1478020229693065514.jpg,140,156,138,150,1
1478020229693065514.jpg,240,248,121,133,5
1478020229693065514.jpg,248,254,129,136,5
1478020229693065514.jpg,248,255,125,136,5
1478020229693065514.jpg,259,267,127,135,5
1478020229693065514.jpg,259,266,121,134,5
1478020229693065514.jpg,263,273,137,152,1
1478020229693065514.jpg,274,299,138,155,1
1478020230199905808.jpg,39,76,146,167,1
1478020230199905808.jpg,69,91,146,164,1
1478020230199905808.jpg,75,89,148,164,1
1478020230199905808.jpg,91,106,145,162,1
1478020230199905808.jpg,107,122,143,160,1
1478020230199905808.jpg,136,152,145,157,1
1478020230199905808.jpg,242,250,122,133,5
1478020230199905808.jpg,251,258,130,141,5
1478020230199905808.jpg,251,257,133,140,5
1478020230199905808.jpg,263,270,125,138,5
1478020230199905808.jpg,263,271,128,137,5
1478020230199905808.jpg,270,283,141,159,1
1478020230199905808.jpg,285,313,142,162,1
1478020230691664910.jpg,5,51,133,165,1
1478020230691664910.jpg,48,73,141,161,1
1478020230691664910.jpg,50,73,143,160,1
1478020230691664910.jpg,70,92,142,159,1
1478020230691664910.jpg,91,113,138,157,1
1478020230691664910.jpg,129,148,140,151,1
1478020230691664910.jpg,147,157,137,150,1
1478020230691664910.jpg,158,176,139,151,1
1478020230691664910.jpg,242,250,117,128,5
1478020230691664910.jpg,252,260,128,134,5
1478020230691664910.jpg,253,260,123,134,5
1478020230691664910.jpg,265,272,121,134,5
1478020230691664910.jpg,265,274,123,131,5
1478020230691664910.jpg,274,291,135,152,1
1478020230691664910.jpg,291,324,134,160,1
1478020231192141988.jpg,11,45,142,165,1
1478020231192141988.jpg,18,47,141,163,1
1478020231192141988.jpg,48,70,141,160,1
1478020231192141988.jpg,70,97,135,161,1
1478020231192141988.jpg,120,139,141,152,1
1478020231192141988.jpg,146,164,141,153,1
1478020231192141988.jpg,244,252,117,128,5
1478020231192141988.jpg,254,261,125,136,5
1478020231192141988.jpg,254,262,128,134,5
1478020231192141988.jpg,268,277,123,131,5
1478020231192141988.jpg,269,276,121,134,5
1478020231192141988.jpg,276,301,134,159,1
1478020231192141988.jpg,302,344,136,169,1
1478020231691535596.jpg,11,43,145,167,1
1478020231691535596.jpg,47,76,139,165,1
1478020231691535596.jpg,108,133,142,157,1
1478020231691535596.jpg,132,150,144,157,1
1478020231691535596.jpg,154,163,143,155,1
1478020231691535596.jpg,185,195,142,152,1
1478020231691535596.jpg,221,230,128,140,5
1478020231691535596.jpg,244,252,117,128,5
1478020231691535596.jpg,255,263,131,137,5
1478020231691535596.jpg,256,263,130,141,5
1478020231691535596.jpg,269,278,125,133,5
1478020231691535596.jpg,271,278,125,138,5
1478020231691535596.jpg,287,319,138,166,1
1478020231691535596.jpg,322,379,141,177,1
1478020232212661501.jpg,9,55,132,165,1
1478020232212661501.jpg,109,136,138,156,1
1478020232212661501.jpg,134,141,142,155,1
1478020232212661501.jpg,140,145,139,153,1
1478020232212661501.jpg,149,158,140,152,1
1478020232212661501.jpg,219,228,127,139,5
1478020232212661501.jpg,244,252,117,128,5
1478020232212661501.jpg,255,262,127,138,5
1478020232212661501.jpg,256,264,130,136,5
1478020232212661501.jpg,271,280,124,133,5
1478020232212661501.jpg,272,279,122,135,5
1478020232212661501.jpg,290,327,138,166,1
1478020232212661501.jpg,339,435,138,193,1
1478020232692272848.jpg,28,81,130,148,2
1478020232692272848.jpg,32,92,128,151,2
1478020232692272848.jpg,68,111,133,161,1
1478020232692272848.jpg,109,125,139,157,1
1478020232692272848.jpg,110,123,143,156,1
1478020232692272848.jpg,121,134,140,156,1
1478020232692272848.jpg,125,131,141,156,1
1478020232692272848.jpg,132,141,140,153,1
1478020232692272848.jpg,140,149,140,152,1
1478020232692272848.jpg,218,227,127,139,5
1478020232692272848.jpg,244,252,117,128,5
1478020232692272848.jpg,257,264,127,138,5
1478020232692272848.jpg,257,265,128,134,5
1478020232692272848.jpg,274,282,124,132,5
1478020232692272848.jpg,275,282,122,135,5
1478020232692272848.jpg,304,353,136,171,1
1478020233192824837.jpg,17,83,131,154,2
1478020233192824837.jpg,29,82,129,146,2
1478020233192824837.jpg,69,96,142,160,1
1478020233192824837.jpg,94,115,142,159,1
1478020233192824837.jpg,101,114,144,157,1
1478020233192824837.jpg,110,124,142,157,1
1478020233192824837.jpg,115,121,142,158,1
1478020233192824837.jpg,122,135,139,156,1
1478020233192824837.jpg,125,133,143,157,1
1478020233192824837.jpg,137,146,143,155,1
1478020233192824837.jpg,219,228,124,136,5
1478020233192824837.jpg,247,255,113,124,5
1478020233192824837.jpg,259,266,127,133,5
1478020233192824837.jpg,259,266,125,136,5
1478020233192824837.jpg,277,286,120,129,5
1478020233192824837.jpg,279,286,118,131,5
1478020233192824837.jpg,323,382,131,174,1
1478020233691620643.jpg,17,73,135,158,2
1478020233691620643.jpg,19,71,133,151,2
1478020233691620643.jpg,43,81,138,166,1
1478020233691620643.jpg,77,102,146,163,1
1478020233691620643.jpg,84,98,145,162,1
1478020233691620643.jpg,99,110,145,160,1
1478020233691620643.jpg,100,114,145,160,1
1478020233691620643.jpg,112,126,143,160,1
1478020233691620643.jpg,113,124,143,159,1
1478020233691620643.jpg,127,140,145,159,1
1478020233691620643.jpg,132,141,144,156,1
1478020233691620643.jpg,175,185,142,151,1
1478020233691620643.jpg,218,227,126,138,5
1478020233691620643.jpg,249,257,110,122,5
1478020233691620643.jpg,261,268,126,132,5
1478020233691620643.jpg,262,269,125,136,5
1478020233691620643.jpg,281,289,119,128,5
1478020233691620643.jpg,282,289,117,130,5
1478020233691620643.jpg,356,445,123,186,1
1478020234197295938.jpg,0,62,131,154,2
1478020234197295938.jpg,13,61,127,145,2
1478020234197295938.jpg,17,59,136,167,1
1478020234197295938.jpg,58,83,143,161,1
1478020234197295938.jpg,58,86,143,161,1
1478020234197295938.jpg,81,102,145,160,1
1478020234197295938.jpg,85,98,144,158,1
1478020234197295938.jpg,99,117,141,157,1
1478020234197295938.jpg,100,115,142,158,1
1478020234197295938.jpg,113,131,143,157,1
1478020234197295938.jpg,116,129,142,154,1
1478020234197295938.jpg,173,183,141,151,1
1478020234197295938.jpg,206,216,139,147,1
1478020234197295938.jpg,217,226,122,134,5
1478020234197295938.jpg,250,258,108,120,5
1478020234197295938.jpg,263,270,124,130,5
1478020234197295938.jpg,263,270,122,133,5
1478020234197295938.jpg,287,295,114,123,5
1478020234197295938.jpg,287,294,116,129,5
1478020234692375465.jpg,0,49,128,151,2
1478020234692375465.jpg,0,50,125,142,2
1478020234692375465.jpg,30,64,142,165,1
1478020234692375465.jpg,37,64,141,163,1
1478020234692375465.jpg,56,84,142,162,1
1478020234692375465.jpg,64,83,140,158,1
1478020234692375465.jpg,83,104,139,159,1
1478020234692375465.jpg,83,102,137,157,1
1478020234692375465.jpg,172,182,142,151,1
1478020234692375465.jpg,204,214,138,147,1
1478020234692375465.jpg,216,225,121,133,5
1478020234692375465.jpg,250,258,108,119,5
1478020234692375465.jpg,264,271,124,130,5
1478020234692375465.jpg,266,273,123,134,5
1478020234692375465.jpg,290,298,114,123,5
1478020234692375465.jpg,292,299,113,126,5
1478020235191594821.jpg,0,35,126,143,2
1478020235191594821.jpg,36,62,139,161,1
1478020235191594821.jpg,59,86,137,160,1
1478020235191594821.jpg,61,86,137,161,1
1478020235191594821.jpg,167,177,140,150,1
1478020235191594821.jpg,178,191,137,149,1
1478020235191594821.jpg,202,212,138,146,1
1478020235191594821.jpg,215,222,118,129,5
1478020235191594821.jpg,215,224,120,132,5
1478020235191594821.jpg,250,258,107,119,5
1478020235191594821.jpg,254,266,142,152,1
1478020235191594821.jpg,265,272,123,129,5
1478020235191594821.jpg,266,273,120,131,5
1478020235191594821.jpg,296,305,112,120,5
1478020235191594821.jpg,297,304,112,125,5
1478020235690729946.jpg,36,62,138,166,1
1478020235690729946.jpg,40,65,139,163,1
1478020235690729946.jpg,64,88,142,163,1
1478020235690729946.jpg,72,93,144,161,1
1478020235690729946.jpg,159,175,145,155,1
1478020235690729946.jpg,160,172,144,153,1
1478020235690729946.jpg,174,188,140,152,1
1478020235690729946.jpg,200,209,142,152,1
1478020235690729946.jpg,213,221,118,129,5
1478020235690729946.jpg,213,222,122,134,5
1478020235690729946.jpg,250,258,107,118,5
1478020235690729946.jpg,256,267,143,152,1
1478020235690729946.jpg,266,274,123,129,5
1478020235690729946.jpg,267,274,122,133,5
1478020235690729946.jpg,299,308,111,119,5
1478020235690729946.jpg,301,308,111,125,5
1478020236191625540.jpg,0,41,141,172,1
1478020236191625540.jpg,0,43,141,168,1
1478020236191625540.jpg,43,77,142,166,1
1478020236191625540.jpg,47,75,145,164,1
1478020236191625540.jpg,154,170,145,155,1
1478020236191625540.jpg,156,168,145,154,1
1478020236191625540.jpg,172,186,140,152,1
1478020236191625540.jpg,197,208,139,152,1
1478020236191625540.jpg,198,207,141,151,1
1478020236191625540.jpg,212,220,119,130,5
1478020236191625540.jpg,212,221,120,132,5
1478020236191625540.jpg,251,259,106,118,5
1478020236191625540.jpg,255,267,144,153,1
1478020236191625540.jpg,268,275,123,129,5
1478020236191625540.jpg,270,277,121,132,5
1478020236191625540.jpg,308,316,107,115,5
1478020236191625540.jpg,308,316,109,123,5
1478020236691677599.jpg,19,57,141,167,1
1478020236691677599.jpg,19,60,142,165,1
1478020236691677599.jpg,151,166,143,153,1
1478020236691677599.jpg,153,165,143,152,1
1478020236691677599.jpg,169,183,139,151,1
1478020236691677599.jpg,196,207,139,152,1
1478020236691677599.jpg,196,206,140,150,1
1478020236691677599.jpg,210,217,116,127,5
1478020236691677599.jpg,211,220,116,128,5
1478020236691677599.jpg,254,262,100,112,5
1478020236691677599.jpg,256,268,143,152,1
1478020236691677599.jpg,271,278,115,129,5
1478020236691677599.jpg,272,279,117,128,5
1478020236691677599.jpg,316,327,92,114,5
1478020236691677599.jpg,318,326,103,117,5
1478020237191578132.jpg,0,30,141,164,1
1478020237191578132.jpg,0,45,123,152,1
1478020237191578132.jpg,0,41,123,156,2
1478020237191578132.jpg,145,165,138,151,1
1478020237191578132.jpg,148,164,139,148,1
1478020237191578132.jpg,168,182,135,147,1
1478020237191578132.jpg,196,207,137,150,1
1478020237191578132.jpg,197,206,137,147,1
1478020237191578132.jpg,208,217,112,124,5
1478020237191578132.jpg,210,218,112,123,5
1478020237191578132.jpg,256,264,95,106,5
1478020237191578132.jpg,259,272,136,150,1
1478020237191578132.jpg,259,271,139,149,1
1478020237191578132.jpg,276,283,116,127,5
1478020237191578132.jpg,277,284,114,128,5
1478020237191578132.jpg,328,339,92,113,5
1478020237191578132.jpg,329,339,96,116,5
1478020237697303809.jpg,0,44,122,161,1
1478020237697303809.jpg,140,159,141,152,1
1478020237697303809.jpg,166,183,138,149,1
1478020237697303809.jpg,195,204,140,150,1
1478020237697303809.jpg,210,217,111,122,5
1478020237697303809.jpg,259,267,94,106,5
1478020237697303809.jpg,261,274,139,153,1
1478020237697303809.jpg,280,287,114,127,5
1478020237697303809.jpg,346,357,89,110,5
1478020238191355246.jpg,2,50,116,164,1
1478020238191355246.jpg,137,156,142,152,1
1478020238191355246.jpg,163,180,135,147,1
1478020238191355246.jpg,194,204,137,147,1
1478020238191355246.jpg,210,218,107,118,5
1478020238191355246.jpg,263,271,89,101,5
1478020238191355246.jpg,266,279,137,151,1
1478020238191355246.jpg,288,295,109,122,5
1478020238191355246.jpg,367,378,79,100,5
1478020238698105458.jpg,0,66,115,163,1
1478020238698105458.jpg,134,153,143,153,1
1478020238698105458.jpg,161,178,138,149,1
1478020238698105458.jpg,191,200,139,149,1
1478020238698105458.jpg,207,214,106,117,5
1478020238698105458.jpg,266,274,86,97,5
1478020238698105458.jpg,266,282,137,150,1
1478020238698105458.jpg,290,297,108,122,5
1478020238698105458.jpg,390,406,69,97,5
1478020239197694369.jpg,0,86,115,162,1
1478020239197694369.jpg,126,145,139,149,1
1478020239197694369.jpg,127,148,139,150,1
1478020239197694369.jpg,158,174,133,148,1
1478020239197694369.jpg,183,197,137,147,1
1478020239197694369.jpg,204,212,101,112,5
1478020239197694369.jpg,266,286,138,151,1
1478020239197694369.jpg,266,280,139,151,1
1478020239197694369.jpg,270,278,80,91,5
1478020239197694369.jpg,295,304,105,118,5
1478020239701924862.jpg,7,110,108,161,1
1478020239701924862.jpg,62,73,97,115,5
1478020239701924862.jpg,153,171,133,148,1
1478020239701924862.jpg,178,194,135,149,1
1478020239701924862.jpg,200,208,98,111,5
1478020239701924862.jpg,266,280,139,151,1
1478020239701924862.jpg,266,287,138,151,1
1478020239701924862.jpg,273,280,75,93,5
1478020239701924862.jpg,298,307,103,120,5
1478020240191697026.jpg,34,146,103,167,1
1478020240191697026.jpg,47,57,96,105,5
1478020240191697026.jpg,196,205,95,110,5
1478020240191697026.jpg,267,281,139,152,1
1478020240191697026.jpg,267,287,138,151,1
1478020240191697026.jpg,275,282,71,89,5
1478020240191697026.jpg,304,313,101,117,5
1478020240698496203.jpg,33,42,95,115,5
1478020240698496203.jpg,70,186,104,167,1
1478020240698496203.jpg,192,201,91,109,5
1478020240698496203.jpg,267,281,140,152,1
1478020240698496203.jpg,267,288,138,151,1
1478020240698496203.jpg,278,285,68,85,5
1478020240698496203.jpg,310,319,99,115,5
1478020241197041221.jpg,15,25,95,116,5
1478020241197041221.jpg,96,115,143,157,1
1478020241197041221.jpg,109,225,105,168,1
1478020241197041221.jpg,188,198,88,108,5
1478020241197041221.jpg,268,282,140,153,1
1478020241197041221.jpg,268,288,138,151,1
1478020241197041221.jpg,279,286,62,79,5
1478020241197041221.jpg,313,322,97,114,5
1478020241689891151.jpg,92,115,143,158,1
1478020241689891151.jpg,92,121,140,158,1
1478020241689891151.jpg,152,246,107,170,1
1478020241689891151.jpg,184,194,85,107,5
1478020241689891151.jpg,268,282,141,153,1
1478020241689891151.jpg,269,289,138,151,1
1478020241689891151.jpg,281,288,56,73,5
1478020241689891151.jpg,317,326,96,113,5
1478020242196911641.jpg,87,115,142,159,1
1478020242196911641.jpg,88,116,138,158,1
1478020242196911641.jpg,135,158,139,156,1
1478020242196911641.jpg,180,190,82,103,5
1478020242196911641.jpg,188,265,107,169,1
1478020242196911641.jpg,270,284,141,153,1
1478020242196911641.jpg,281,288,51,69,5
1478020242196911641.jpg,319,328,93,110,5
1478020242704259784.jpg,85,113,139,158,1
1478020242704259784.jpg,85,114,141,159,1
1478020242704259784.jpg,123,153,139,156,1
1478020242704259784.jpg,177,187,80,101,5
1478020242704259784.jpg,216,277,106,168,1
1478020242704259784.jpg,282,289,47,64,5
1478020242704259784.jpg,322,331,91,107,5
1478020243205145193.jpg,0,112,134,200,1
1478020243205145193.jpg,82,110,140,159,1
1478020243205145193.jpg,84,113,141,159,1
1478020243205145193.jpg,175,185,78,100,5
1478020243205145193.jpg,234,286,107,168,1
1478020243205145193.jpg,282,288,47,65,5
1478020243205145193.jpg,323,331,90,108,5
1478020243689728545.jpg,71,255,133,199,1
1478020243689728545.jpg,81,109,141,159,1
1478020243689728545.jpg,82,110,140,159,1
1478020243689728545.jpg,175,185,78,100,5
1478020243689728545.jpg,247,292,116,165,1
1478020243689728545.jpg,282,288,47,65,5
1478020243689728545.jpg,324,331,89,110,5
1478020244189375590.jpg,81,102,141,160,1
1478020244189375590.jpg,99,132,139,164,1
1478020244189375590.jpg,131,153,138,152,1
1478020244189375590.jpg,174,184,79,100,5
1478020244189375590.jpg,227,411,136,201,1
1478020244189375590.jpg,255,291,118,148,1
1478020244189375590.jpg,282,288,47,66,5
1478020244189375590.jpg,324,331,89,110,5
1478020244690239779.jpg,87,125,139,163,1
1478020244690239779.jpg,131,153,138,156,1
1478020244690239779.jpg,174,184,79,100,5
1478020244690239779.jpg,259,294,119,165,1
1478020244690239779.jpg,282,288,47,67,5
1478020244690239779.jpg,324,331,90,110,5
1478020245189639963.jpg,78,117,139,162,1
1478020245189639963.jpg,130,152,138,156,1
1478020245189639963.jpg,173,183,79,101,5
1478020245189639963.jpg,265,296,121,164,1
1478020245189639963.jpg,282,288,47,67,5
1478020245189639963.jpg,324,331,90,111,5
1478020245697738668.jpg,72,111,138,167,1
1478020245697738668.jpg,130,152,138,156,1
1478020245697738668.jpg,173,183,80,101,5
1478020245697738668.jpg,267,297,123,161,1
1478020245697738668.jpg,282,288,47,68,5
1478020245697738668.jpg,324,332,91,111,5
1478020246196421177.jpg,59,111,138,166,1
1478020246196421177.jpg,129,151,138,156,1
1478020246196421177.jpg,173,183,80,102,5
1478020246196421177.jpg,268,299,125,163,1
1478020246196421177.jpg,282,288,47,69,5
1478020246196421177.jpg,324,332,91,111,5
1478020246699558321.jpg,59,102,138,166,1
1478020246699558321.jpg,104,112,144,163,1
1478020246699558321.jpg,129,151,138,156,1
1478020246699558321.jpg,173,183,80,102,5
1478020246699558321.jpg,269,297,126,161,1
1478020246699558321.jpg,282,288,47,69,5
1478020246699558321.jpg,324,332,91,112,5
1478020247189349163.jpg,56,102,138,165,1
1478020247189349163.jpg,101,110,144,163,1
1478020247189349163.jpg,128,150,138,156,1
1478020247189349163.jpg,173,183,80,103,5
1478020247189349163.jpg,270,296,127,160,1
1478020247189349163.jpg,282,288,47,70,5
1478020247189349163.jpg,325,332,92,112,5
1478020247696017189.jpg,53,98,139,169,1
1478020247696017189.jpg,100,110,143,162,1
1478020247696017189.jpg,128,150,138,156,1
1478020247696017189.jpg,173,183,80,103,5
1478020247696017189.jpg,262,274,143,155,1
1478020247696017189.jpg,271,297,127,160,1
1478020247696017189.jpg,282,288,47,71,5
1478020247696017189.jpg,325,332,92,113,5
1478020248195735152.jpg,52,97,139,169,1
1478020248195735152.jpg,97,109,141,158,1
1478020248195735152.jpg,100,110,143,162,1
1478020248195735152.jpg,128,150,138,156,1
1478020248195735152.jpg,173,183,80,104,5
1478020248195735152.jpg,264,272,143,154,1
1478020248195735152.jpg,271,297,127,160,1
1478020248195735152.jpg,282,288,47,71,5
1478020248195735152.jpg,325,332,93,113,5
1478020248696734038.jpg,51,96,139,169,1
1478020248696734038.jpg,96,108,142,159,1
1478020248696734038.jpg,99,110,143,161,1
1478020248696734038.jpg,127,149,138,156,1
1478020248696734038.jpg,173,183,80,105,5
1478020248696734038.jpg,262,271,143,155,1
1478020248696734038.jpg,270,296,127,160,1
1478020248696734038.jpg,282,288,47,72,5
1478020248696734038.jpg,325,332,93,113,5
1478020249197942478.jpg,50,96,139,169,1
1478020249197942478.jpg,96,108,143,160,1
1478020249197942478.jpg,98,111,143,161,1
1478020249197942478.jpg,127,149,138,156,1
1478020249197942478.jpg,173,183,80,105,5
1478020249197942478.jpg,262,271,143,155,1
1478020249197942478.jpg,270,296,127,160,1
1478020249197942478.jpg,282,288,47,73,5
1478020249197942478.jpg,325,333,93,114,5
1478020249699425195.jpg,49,96,139,169,1
1478020249699425195.jpg,95,107,144,161,1
1478020249699425195.jpg,98,111,143,161,1
1478020249699425195.jpg,126,148,139,157,1
1478020249699425195.jpg,173,183,80,106,5
1478020249699425195.jpg,262,271,143,155,1
1478020249699425195.jpg,270,296,127,160,1
1478020249699425195.jpg,282,288,47,74,5
1478020249699425195.jpg,325,333,94,114,5
1478020250189752820.jpg,47,96,139,169,1
1478020250189752820.jpg,95,107,145,162,1
1478020250189752820.jpg,126,148,139,157,1
1478020250189752820.jpg,173,183,81,107,5
1478020250189752820.jpg,269,295,128,161,1
1478020250189752820.jpg,282,290,47,74,5
1478020250189752820.jpg,325,333,94,115,5
1478020250689832600.jpg,46,96,139,169,1
1478020250689832600.jpg,94,106,147,164,1
1478020250689832600.jpg,125,147,139,157,1
1478020250689832600.jpg,172,182,81,105,5
1478020250689832600.jpg,269,295,129,162,1
1478020250689832600.jpg,282,292,47,74,5
1478020250689832600.jpg,326,333,95,115,5
1478020251190269468.jpg,35,93,143,172,1
1478020251190269468.jpg,90,106,149,165,1
1478020251190269468.jpg,125,147,139,157,1
1478020251190269468.jpg,171,181,81,104,5
1478020251190269468.jpg,268,294,131,164,1
1478020251190269468.jpg,282,294,48,74,5
1478020251190269468.jpg,329,337,93,115,5
1478020251695726207.jpg,24,82,143,177,1
1478020251695726207.jpg,79,104,150,166,1
1478020251695726207.jpg,125,147,139,157,1
1478020251695726207.jpg,168,182,79,108,5
1478020251695726207.jpg,170,180,81,103,5
1478020251695726207.jpg,272,300,130,164,2
1478020251695726207.jpg,273,299,132,165,1
1478020251695726207.jpg,283,296,50,72,5
1478020251695726207.jpg,287,298,43,69,5
1478020251695726207.jpg,333,340,91,115,5
1478020252190316963.jpg,1,65,138,181,1
1478020252190316963.jpg,71,105,147,167,1
1478020252190316963.jpg,127,153,139,161,1
1478020252190316963.jpg,166,180,72,102,5
1478020252190316963.jpg,166,177,72,100,5
1478020252190316963.jpg,274,302,129,163,2
1478020252190316963.jpg,276,302,130,163,1
1478020252190316963.jpg,290,303,42,64,5
1478020252190316963.jpg,291,303,38,65,5
1478020252190316963.jpg,338,351,89,114,5
1478020252695947666.jpg,66,100,143,164,1
1478020252695947666.jpg,127,152,135,158,1
1478020252695947666.jpg,159,177,60,94,5
1478020252695947666.jpg,162,174,64,98,5
1478020252695947666.jpg,278,306,126,160,2
1478020252695947666.jpg,279,305,127,160,1
1478020252695947666.jpg,297,309,25,52,5
1478020252695947666.jpg,299,310,24,51,5
1478020252695947666.jpg,350,363,79,104,5
1478020253199038932.jpg,53,92,146,166,1
1478020253199038932.jpg,122,148,139,161,1
1478020253199038932.jpg,148,163,52,86,5
1478020253199038932.jpg,150,167,52,91,5
1478020253199038932.jpg,279,305,129,162,1
1478020253199038932.jpg,279,307,129,163,2
1478020253199038932.jpg,304,318,17,44,5
1478020253199038932.jpg,306,318,14,40,5
1478020253199038932.jpg,361,377,71,102,5
1478020253690036656.jpg,38,79,148,169,1
1478020253690036656.jpg,116,142,138,161,1
1478020253690036656.jpg,131,153,39,79,5
1478020253690036656.jpg,134,153,40,74,5
1478020253690036656.jpg,280,311,130,164,2
1478020253690036656.jpg,280,311,131,164,1
1478020253690036656.jpg,379,394,61,99,5
1478020254190483139.jpg,22,67,146,170,1
1478020254190483139.jpg,108,134,12,68,5
1478020254190483139.jpg,109,137,137,159,1
1478020254190483139.jpg,264,278,144,157,3
1478020254190483139.jpg,280,314,128,166,1
1478020254190483139.jpg,282,313,130,164,2
1478020254190483139.jpg,402,428,42,88,5
1478020254691046690.jpg,3,53,144,170,1
1478020254691046690.jpg,103,134,136,161,1
1478020254691046690.jpg,259,275,143,157,3
1478020254691046690.jpg,263,277,144,157,3
1478020254691046690.jpg,282,323,123,166,2
1478020254691046690.jpg,285,322,126,164,1
1478020255198077861.jpg,0,36,140,166,1
1478020255198077861.jpg,94,129,131,158,1
1478020255198077861.jpg,256,272,141,154,3
1478020255198077861.jpg,260,274,142,154,3
1478020255198077861.jpg,266,272,128,139,5
1478020255198077861.jpg,287,330,119,166,2
1478020255198077861.jpg,290,330,118,163,1
1478020255697845222.jpg,88,123,131,158,1
1478020255697845222.jpg,254,270,139,152,3
1478020255697845222.jpg,255,269,138,150,3
1478020255697845222.jpg,268,274,125,136,5
1478020255697845222.jpg,292,345,109,166,2
1478020255697845222.jpg,294,343,113,164,1
1478020256192066071.jpg,78,117,135,161,1
1478020256192066071.jpg,249,265,140,153,3
1478020256192066071.jpg,251,265,142,154,3
1478020256192066071.jpg,269,276,129,141,5
1478020256192066071.jpg,286,303,141,164,1
1478020256192066071.jpg,293,309,135,168,1
1478020256192066071.jpg,301,357,112,175,2
1478020256192066071.jpg,302,357,113,175,1
1478020256699578122.jpg,66,108,129,161,1
1478020256699578122.jpg,246,264,139,154,3
1478020256699578122.jpg,246,262,140,154,3
1478020256699578122.jpg,272,279,126,138,5
1478020256699578122.jpg,292,309,139,163,1
1478020256699578122.jpg,299,321,133,166,1
1478020256699578122.jpg,311,382,106,177,2
1478020256699578122.jpg,314,377,108,174,1
1478020257199227642.jpg,52,97,133,164,1
1478020257199227642.jpg,240,258,140,154,3
1478020257199227642.jpg,241,257,142,156,3
1478020257199227642.jpg,274,281,125,138,5
1478020257199227642.jpg,301,317,141,168,1
1478020257199227642.jpg,311,338,136,168,1
1478020257199227642.jpg,322,410,98,184,2
1478020257199227642.jpg,327,408,98,182,1
1478020257692662705.jpg,34,84,132,166,1
1478020257692662705.jpg,234,252,142,159,3
1478020257692662705.jpg,235,251,145,158,3
1478020257692662705.jpg,257,269,145,155,1
1478020257692662705.jpg,277,284,129,141,5
1478020257692662705.jpg,309,331,146,172,1
1478020257692662705.jpg,320,357,136,176,1
1478020257692662705.jpg,345,458,90,189,1
1478020257692662705.jpg,346,464,88,189,2
1478020258199186280.jpg,16,67,128,163,1
1478020258199186280.jpg,225,245,140,159,3
1478020258199186280.jpg,228,244,142,155,3
1478020258199186280.jpg,257,269,145,155,1
1478020258199186280.jpg,278,286,126,139,5
1478020258199186280.jpg,322,351,142,174,1
1478020258199186280.jpg,336,400,132,183,1
1478020258199186280.jpg,371,479,63,206,2
1478020258199186280.jpg,374,479,68,203,1
1478020258692272616.jpg,0,45,127,170,1
1478020258692272616.jpg,216,236,139,158,3
1478020258692272616.jpg,221,237,141,154,3
1478020258692272616.jpg,257,269,144,154,1
1478020258692272616.jpg,279,286,124,138,5
1478020258692272616.jpg,335,373,140,181,1
1478020258692272616.jpg,360,450,130,192,1
1478020259194111192.jpg,207,228,137,156,3
1478020259194111192.jpg,211,227,140,155,3
1478020259194111192.jpg,219,227,125,136,5
1478020259194111192.jpg,258,269,144,154,1
1478020259194111192.jpg,279,287,123,136,5
1478020259194111192.jpg,281,287,125,136,5
1478020259194111192.jpg,327,363,135,157,1
1478020259194111192.jpg,354,416,139,187,1
1478020259194111192.jpg,356,368,135,164,3
1478020259194111192.jpg,399,479,122,202,1
1478020259694436222.jpg,215,223,124,134,5
1478020259694436222.jpg,217,224,123,134,5
1478020259694436222.jpg,255,272,140,158,1
1478020259694436222.jpg,258,269,143,153,1
1478020259694436222.jpg,281,290,123,136,5
1478020259694436222.jpg,282,289,123,134,5
1478020259694436222.jpg,334,369,137,155,1
1478020259694436222.jpg,369,380,131,166,3
1478020259694436222.jpg,369,381,133,164,3
1478020259694436222.jpg,387,476,135,198,1
1478020260194740178.jpg,213,221,123,133,5
1478020260194740178.jpg,214,222,121,132,5
1478020260194740178.jpg,256,272,140,158,1
1478020260194740178.jpg,258,270,143,153,1
1478020260194740178.jpg,283,290,123,136,5
1478020260194740178.jpg,284,292,122,132,5
1478020260194740178.jpg,337,383,140,154,1
1478020260194740178.jpg,342,377,137,155,1
1478020260194740178.jpg,383,395,135,166,3
1478020260194740178.jpg,383,395,135,170,3
1478020260703424325.jpg,128,136,125,137,5
1478020260703424325.jpg,163,180,134,145,3
1478020260703424325.jpg,191,201,137,161,3
1478020260703424325.jpg,195,204,136,160,3
1478020260703424325.jpg,212,219,119,131,5
1478020260703424325.jpg,212,220,122,132,5
1478020260703424325.jpg,256,273,140,158,1
1478020260703424325.jpg,258,271,143,154,1
1478020260703424325.jpg,285,292,121,133,5
1478020260703424325.jpg,285,294,120,131,5
1478020260703424325.jpg,345,392,138,155,1
1478020260703424325.jpg,346,392,140,154,1
1478020260703424325.jpg,403,415,129,169,3
1478020260703424325.jpg,404,416,131,170,3
1478020261195426743.jpg,120,128,126,138,5
1478020261195426743.jpg,195,205,135,163,3
1478020261195426743.jpg,198,207,135,161,3
1478020261195426743.jpg,209,217,118,130,5
1478020261195426743.jpg,210,218,121,131,5
1478020261195426743.jpg,257,273,139,157,1
1478020261195426743.jpg,258,272,143,155,1
1478020261195426743.jpg,287,296,120,131,5
1478020261195426743.jpg,287,294,121,133,5
1478020261195426743.jpg,352,399,138,155,1
1478020261195426743.jpg,352,398,139,153,1
1478020261195426743.jpg,425,446,129,176,3
1478020261195426743.jpg,426,441,130,178,3
1478020261697466210.jpg,199,212,135,166,3
1478020261697466210.jpg,201,210,134,161,3
1478020261697466210.jpg,207,214,117,129,5
1478020261697466210.jpg,208,216,120,130,5
1478020261697466210.jpg,258,274,139,157,1
1478020261697466210.jpg,258,274,143,155,1
1478020261697466210.jpg,288,297,120,131,5
1478020261697466210.jpg,289,296,118,131,5
1478020261697466210.jpg,362,412,137,155,1
1478020261697466210.jpg,363,412,135,152,1
1478020262198731708.jpg,204,220,135,169,3
1478020262198731708.jpg,205,212,118,129,5
1478020262198731708.jpg,205,213,119,129,5
1478020262198731708.jpg,207,220,134,172,3
1478020262198731708.jpg,257,274,140,158,1
1478020262198731708.jpg,258,275,143,156,1
1478020262198731708.jpg,285,295,141,159,3
1478020262198731708.jpg,291,298,119,131,5
1478020262198731708.jpg,291,300,120,131,5
1478020262198731708.jpg,369,424,138,158,1
1478020262198731708.jpg,374,423,137,154,1
1478020262693294939.jpg,95,105,121,132,5
1478020262693294939.jpg,202,210,116,126,5
1478020262693294939.jpg,215,226,131,171,3
1478020262693294939.jpg,220,236,131,175,3
1478020262693294939.jpg,257,277,141,158,1
1478020262693294939.jpg,285,295,137,155,3
1478020262693294939.jpg,296,303,114,126,5
1478020262693294939.jpg,380,441,133,157,1
1478020263192438788.jpg,83,93,119,130,5
1478020263192438788.jpg,199,207,112,122,5
1478020263192438788.jpg,234,244,123,172,3
1478020263192438788.jpg,239,254,127,176,3
1478020263192438788.jpg,287,297,136,154,3
1478020263192438788.jpg,299,305,109,125,5
1478020263192438788.jpg,393,453,131,154,1
1478020263697979049.jpg,73,82,118,132,5
1478020263697979049.jpg,102,116,136,154,4
1478020263697979049.jpg,195,203,110,120,5
1478020263697979049.jpg,252,267,120,186,3
1478020263697979049.jpg,262,277,123,182,3
1478020263697979049.jpg,301,311,109,124,5
1478020263697979049.jpg,401,469,130,153,1
1478020264191526033.jpg,63,72,117,131,5
1478020264191526033.jpg,92,106,135,153,4
1478020264191526033.jpg,152,181,134,154,1
1478020264191526033.jpg,192,201,108,120,5
1478020264191526033.jpg,279,299,117,194,3
1478020264191526033.jpg,297,311,122,196,3
1478020264191526033.jpg,303,312,107,122,5
1478020264191526033.jpg,403,479,119,171,1
1478020264191526033.jpg,414,479,129,157,1
1478020264690914781.jpg,54,63,112,126,5
1478020264690914781.jpg,80,100,137,152,4
1478020264690914781.jpg,147,175,135,151,1
1478020264690914781.jpg,188,197,106,119,5
1478020264690914781.jpg,258,277,138,155,1
1478020264690914781.jpg,291,297,137,154,3
1478020264690914781.jpg,304,313,105,121,5
1478020264690914781.jpg,320,343,110,203,3
1478020264690914781.jpg,336,359,119,199,3
1478020264690914781.jpg,416,479,119,172,1
1478020264690914781.jpg,416,479,130,158,1
1478020265197595672.jpg,42,52,111,125,5
1478020265197595672.jpg,74,94,138,154,4
1478020265197595672.jpg,144,173,137,157,1
1478020265197595672.jpg,185,192,104,118,5
1478020265197595672.jpg,258,277,139,156,1
1478020265197595672.jpg,291,300,137,153,3
1478020265197595672.jpg,305,315,104,121,5
1478020265197595672.jpg,366,400,110,219,3
1478020265197595672.jpg,398,424,109,213,3
1478020265697640039.jpg,35,44,109,123,5
1478020265697640039.jpg,64,84,138,153,4
1478020265697640039.jpg,142,171,134,154,1
1478020265697640039.jpg,184,192,103,118,5
1478020265697640039.jpg,257,276,140,157,1
1478020265697640039.jpg,292,302,136,152,3
1478020265697640039.jpg,306,316,103,121,5
1478020266199625987.jpg,32,42,109,123,5
1478020266199625987.jpg,58,78,139,155,4
1478020266199625987.jpg,140,169,136,156,1
1478020266199625987.jpg,182,189,104,118,5
1478020266199625987.jpg,257,276,141,158,1
1478020266199625987.jpg,295,304,136,152,3
1478020266199625987.jpg,307,317,102,121,5
1478020266199625987.jpg,427,479,120,173,1
1478020266199625987.jpg,435,479,129,157,1
1478020266698345154.jpg,28,38,110,124,5
1478020266698345154.jpg,55,75,141,156,4
1478020266698345154.jpg,138,167,139,159,1
1478020266698345154.jpg,180,188,104,118,5
1478020266698345154.jpg,257,276,143,160,1
1478020266698345154.jpg,307,317,102,120,5
1478020266698345154.jpg,442,479,131,159,1
1478020266698345154.jpg,448,479,125,177,1
1478020267198258485.jpg,25,34,112,125,5
1478020267198258485.jpg,52,72,142,158,4
1478020267198258485.jpg,137,166,141,161,1
1478020267198258485.jpg,179,186,104,118,5
1478020267198258485.jpg,257,276,142,159,1
1478020267198258485.jpg,308,318,101,120,5
1478020267198258485.jpg,441,479,125,177,1
1478020267198258485.jpg,449,479,132,160,1
1478020267691755176.jpg,24,34,112,125,5
1478020267691755176.jpg,51,71,142,157,4
1478020267691755176.jpg,137,166,143,163,1
1478020267691755176.jpg,179,186,104,118,5
1478020267691755176.jpg,260,279,144,161,1
1478020267691755176.jpg,308,318,103,121,5
1478020267691755176.jpg,434,479,125,177,1
1478020267691755176.jpg,455,479,133,161,1
1478020268190844016.jpg,24,34,112,125,5
1478020268190844016.jpg,50,70,141,157,4
1478020268190844016.jpg,137,166,143,163,1
1478020268190844016.jpg,179,186,104,118,5
1478020268190844016.jpg,259,278,144,163,1
1478020268190844016.jpg,308,318,104,123,5
1478020268190844016.jpg,427,479,125,177,1
1478020268190844016.jpg,456,479,133,161,1
1478020268697918588.jpg,24,34,112,125,5
1478020268697918588.jpg,50,70,141,157,4
1478020268697918588.jpg,137,166,143,163,1
1478020268697918588.jpg,179,186,104,118,5
1478020268697918588.jpg,258,277,144,164,1
1478020268697918588.jpg,309,319,106,125,5
1478020268697918588.jpg,421,479,125,177,1
1478020268697918588.jpg,432,479,136,163,1
1478020269197223375.jpg,24,34,112,125,5
1478020269197223375.jpg,50,70,141,157,4
1478020269197223375.jpg,137,166,143,163,1
1478020269197223375.jpg,179,186,104,118,5
1478020269197223375.jpg,258,277,144,164,1
1478020269197223375.jpg,308,318,106,124,5
1478020269197223375.jpg,409,478,134,167,1
1478020269197223375.jpg,414,479,125,177,1
1478020269690837190.jpg,24,33,112,125,5
1478020269690837190.jpg,50,70,141,157,4
1478020269690837190.jpg,137,166,143,163,1
1478020269690837190.jpg,179,186,104,118,5
1478020269690837190.jpg,258,277,144,164,1
1478020269690837190.jpg,308,318,106,124,5
1478020269690837190.jpg,377,476,135,167,1
1478020269690837190.jpg,378,475,123,175,1
1478020270191361531.jpg,24,33,112,125,5
1478020270191361531.jpg,50,70,141,157,4
1478020270191361531.jpg,137,166,143,163,1
1478020270191361531.jpg,179,186,104,118,5
1478020270191361531.jpg,258,277,144,164,1
1478020270191361531.jpg,308,318,105,124,5
1478020270191361531.jpg,342,441,134,167,1
1478020270191361531.jpg,349,446,124,176,1
1478020270697025674.jpg,24,33,112,125,5
1478020270697025674.jpg,50,70,141,157,4
1478020270697025674.jpg,137,166,143,163,1
1478020270697025674.jpg,179,186,104,118,5
1478020270697025674.jpg,304,401,127,179,1
1478020270697025674.jpg,304,403,137,170,1
1478020270697025674.jpg,308,318,105,124,5
1478020271190634502.jpg,24,33,112,125,5
1478020271190634502.jpg,50,70,141,157,4
1478020271190634502.jpg,137,166,143,163,1
1478020271190634502.jpg,179,186,104,118,5
1478020271190634502.jpg,184,202,146,158,1
1478020271190634502.jpg,259,358,136,169,1
1478020271190634502.jpg,263,360,128,179,1
1478020271190634502.jpg,308,318,105,124,5
1478020271698715751.jpg,23,33,112,125,5
1478020271698715751.jpg,50,70,141,157,4
1478020271698715751.jpg,137,166,143,163,1
1478020271698715751.jpg,179,186,104,118,5
1478020271698715751.jpg,207,306,140,172,1
1478020271698715751.jpg,210,307,133,185,1
1478020271698715751.jpg,308,318,105,123,5
1478020272197005958.jpg,23,33,112,125,5
1478020272197005958.jpg,154,252,136,172,1
1478020272197005958.jpg,154,251,130,182,1
1478020272197005958.jpg,179,186,104,118,5
1478020272197005958.jpg,258,277,144,164,1
1478020272197005958.jpg,308,318,105,123,5
1478020272691084348.jpg,0,87,128,178,1
1478020272691084348.jpg,23,33,112,125,5
1478020272691084348.jpg,94,191,128,179,1
1478020272691084348.jpg,179,186,104,118,5
1478020272691084348.jpg,258,277,144,164,1
1478020272691084348.jpg,308,318,105,123,5
1478020272691084348.jpg,408,478,136,172,1
1478020273199399031.jpg,17,59,127,178,1
1478020273199399031.jpg,23,33,112,125,5
1478020273199399031.jpg,49,214,125,183,1
1478020273199399031.jpg,179,186,104,118,5
1478020273199399031.jpg,308,318,104,123,5
1478020273696759660.jpg,23,32,112,125,5
1478020273696759660.jpg,50,70,141,157,4
1478020273696759660.jpg,137,166,143,163,1
1478020273696759660.jpg,179,186,104,118,5
1478020273696759660.jpg,188,366,120,189,1
1478020273696759660.jpg,308,318,104,123,5
1478020274196464252.jpg,23,32,112,125,5
1478020274196464252.jpg,137,166,143,163,1
1478020274196464252.jpg,179,186,104,118,5
1478020274196464252.jpg,206,285,139,174,1
1478020274196464252.jpg,206,285,136,179,1
1478020274196464252.jpg,308,318,104,122,5
1478020274698882560.jpg,0,53,131,177,2
1478020274698882560.jpg,23,32,112,125,5
1478020274698882560.jpg,137,166,143,163,1
1478020274698882560.jpg,139,218,139,174,1
1478020274698882560.jpg,179,186,104,118,5
1478020274698882560.jpg,258,277,144,164,1
1478020274698882560.jpg,308,318,104,122,5
1478020275197814891.jpg,0,162,122,183,2
1478020275197814891.jpg,23,32,112,125,5
1478020275197814891.jpg,179,186,104,118,5
1478020275197814891.jpg,308,318,104,122,5
1478020275697763196.jpg,23,32,112,126,5
1478020275697763196.jpg,78,280,120,193,2
1478020275697763196.jpg,179,186,104,118,5
1478020275697763196.jpg,308,318,103,122,5
1478020276199759483.jpg,23,32,112,126,5
1478020276199759483.jpg,50,70,141,157,4
1478020276199759483.jpg,179,186,104,118,5
1478020276199759483.jpg,206,407,116,190,2
1478020276199759483.jpg,308,318,103,122,5
1478020276698606427.jpg,23,32,112,126,5
1478020276698606427.jpg,50,70,141,157,4
1478020276698606427.jpg,54,66,143,165,4
1478020276698606427.jpg,178,187,108,126,5
1478020276698606427.jpg,179,186,104,118,5
1478020276698606427.jpg,200,210,147,156,1
1478020276698606427.jpg,257,278,144,163,1
1478020276698606427.jpg,258,277,144,164,1
1478020276698606427.jpg,308,318,103,122,5
1478020277190872651.jpg,23,32,112,126,5
1478020277190872651.jpg,54,66,143,165,4
1478020277190872651.jpg,178,187,108,126,5
1478020277190872651.jpg,179,186,104,118,5
1478020277190872651.jpg,199,209,147,156,1
1478020277190872651.jpg,257,278,144,163,1
1478020277190872651.jpg,261,279,144,164,1
1478020277190872651.jpg,310,318,107,125,5
1478020277697291865.jpg,23,32,112,126,5
1478020277697291865.jpg,178,187,108,126,5
1478020277697291865.jpg,179,186,104,118,5
1478020277697291865.jpg,199,209,147,156,1
1478020277697291865.jpg,257,278,144,163,1
1478020277697291865.jpg,261,279,144,164,1
1478020277697291865.jpg,310,318,107,125,5
1478020278191731673.jpg,0,139,133,185,1
1478020278191731673.jpg,23,32,112,126,5
1478020278191731673.jpg,178,187,108,126,5
1478020278191731673.jpg,179,186,104,118,5
1478020278191731673.jpg,257,278,144,163,1
1478020278191731673.jpg,261,279,144,164,1
1478020278191731673.jpg,310,318,107,125,5
1478020278697427963.jpg,23,32,112,126,5
1478020278697427963.jpg,50,70,141,157,4
1478020278697427963.jpg,54,66,143,165,4
1478020278697427963.jpg,126,265,136,189,1
1478020278697427963.jpg,178,187,108,126,5
1478020278697427963.jpg,179,186,104,118,5
1478020278697427963.jpg,257,278,144,163,1
1478020278697427963.jpg,261,279,144,164,1
1478020278697427963.jpg,310,318,107,125,5
1478020279199978858.jpg,23,32,112,126,5
1478020279199978858.jpg,50,70,141,157,4
1478020279199978858.jpg,54,66,143,165,4
1478020279199978858.jpg,178,187,108,126,5
1478020279199978858.jpg,179,186,104,118,5
1478020279199978858.jpg,198,208,147,156,1
1478020279199978858.jpg,257,278,144,163,1
1478020279199978858.jpg,261,279,144,164,1
1478020279199978858.jpg,268,406,134,187,1
1478020279199978858.jpg,310,318,107,125,5
1478020279199978858.jpg,403,479,134,167,1
1478020279698929810.jpg,23,32,112,126,5
1478020279698929810.jpg,50,70,141,157,4
1478020279698929810.jpg,54,66,143,165,4
1478020279698929810.jpg,178,187,108,126,5
1478020279698929810.jpg,179,186,104,118,5
1478020279698929810.jpg,198,208,147,156,1
1478020279698929810.jpg,310,318,107,125,5
1478020279698929810.jpg,310,409,134,166,1
1478020279698929810.jpg,320,414,127,174,1
1478020280197384728.jpg,23,32,112,126,5
1478020280197384728.jpg,50,70,141,157,4
1478020280197384728.jpg,54,66,143,165,4
1478020280197384728.jpg,178,187,108,126,5
1478020280197384728.jpg,179,186,104,118,5
1478020280197384728.jpg,240,334,129,176,1
1478020280197384728.jpg,241,332,134,166,1
1478020280197384728.jpg,310,318,107,125,5
1478020280697759087.jpg,0,53,143,189,1
1478020280697759087.jpg,23,32,112,126,5
1478020280697759087.jpg,155,249,132,179,1
1478020280697759087.jpg,164,254,134,168,1
1478020280697759087.jpg,178,187,108,126,5
1478020280697759087.jpg,179,186,104,118,5
1478020280697759087.jpg,261,279,144,164,1
1478020280697759087.jpg,310,318,107,125,5
1478020281197174739.jpg,22,178,140,186,1
1478020281197174739.jpg,23,32,112,126,5
1478020281197174739.jpg,110,175,137,156,1
1478020281197174739.jpg,132,172,129,153,1
1478020281197174739.jpg,178,187,108,126,5
1478020281197174739.jpg,179,186,104,118,5
1478020281197174739.jpg,310,318,107,125,5
1478020281197174739.jpg,335,422,134,171,1
1478020281691971536.jpg,5,96,136,174,1
1478020281691971536.jpg,18,94,137,161,1
1478020281691971536.jpg,23,32,112,126,5
1478020281691971536.jpg,153,309,140,186,1
1478020281691971536.jpg,178,187,108,126,5
1478020281691971536.jpg,179,186,104,118,5
1478020281691971536.jpg,277,339,135,171,1
1478020281691971536.jpg,310,318,107,125,5
1478020282192788758.jpg,23,32,112,126,5
1478020282192788758.jpg,50,70,141,157,4
1478020282192788758.jpg,54,66,143,165,4
1478020282192788758.jpg,178,187,108,126,5
1478020282192788758.jpg,179,186,104,118,5
1478020282192788758.jpg,186,264,135,170,1
1478020282192788758.jpg,195,205,147,155,1
1478020282192788758.jpg,257,278,144,163,1
1478020282192788758.jpg,261,279,144,164,1
1478020282192788758.jpg,291,446,135,185,1
1478020282192788758.jpg,310,318,107,125,5
1478020282699635345.jpg,23,32,112,126,5
1478020282699635345.jpg,50,70,141,157,4
1478020282699635345.jpg,54,66,143,165,4
1478020282699635345.jpg,138,191,138,173,1
1478020282699635345.jpg,178,187,108,126,5
1478020282699635345.jpg,179,186,104,118,5
1478020282699635345.jpg,190,204,146,158,1
1478020282699635345.jpg,191,202,148,158,1
1478020282699635345.jpg,209,225,147,156,1
1478020282699635345.jpg,261,279,144,164,1
1478020282699635345.jpg,310,318,107,125,5
1478020282699635345.jpg,333,341,140,162,3
1478020283198660165.jpg,23,31,112,126,5
1478020283198660165.jpg,50,70,141,157,4
1478020283198660165.jpg,54,66,143,165,4
1478020283198660165.jpg,178,187,108,126,5
1478020283198660165.jpg,179,186,104,118,5
1478020283198660165.jpg,188,202,146,158,1
1478020283198660165.jpg,189,200,147,158,1
1478020283198660165.jpg,216,231,146,155,1
1478020283198660165.jpg,261,279,144,164,1
1478020283198660165.jpg,310,318,107,125,5
1478020283198660165.jpg,333,341,140,162,3
1478020283198660165.jpg,460,479,97,253,3
1478020283697257862.jpg,0,62,140,185,1
1478020283697257862.jpg,23,31,112,126,5
1478020283697257862.jpg,50,70,141,157,4
1478020283697257862.jpg,54,66,143,165,4
1478020283697257862.jpg,178,187,108,126,5
1478020283697257862.jpg,179,186,104,118,5
1478020283697257862.jpg,188,199,147,158,1
1478020283697257862.jpg,261,279,144,164,1
1478020283697257862.jpg,384,426,98,254,3
1478020284198449721.jpg,23,31,112,126,5
1478020284198449721.jpg,50,70,141,157,4
1478020284198449721.jpg,51,202,138,182,1
1478020284198449721.jpg,54,66,143,165,4
1478020284198449721.jpg,178,187,108,126,5
1478020284198449721.jpg,179,186,104,118,5
1478020284198449721.jpg,187,198,147,158,1
1478020284198449721.jpg,305,347,96,252,3
1478020284690878247.jpg,0,29,141,182,1
1478020284690878247.jpg,23,31,112,126,5
1478020284690878247.jpg,178,187,108,126,5
1478020284690878247.jpg,179,186,104,118,5
1478020284690878247.jpg,185,196,147,158,1
1478020284690878247.jpg,191,342,138,184,1
1478020284690878247.jpg,225,267,95,251,3
1478020284690878247.jpg,310,318,107,125,5
1478020284690878247.jpg,333,341,140,162,3
1478020285197265564.jpg,0,154,141,181,1
1478020285197265564.jpg,23,31,112,127,5
1478020285197265564.jpg,143,185,93,249,3
1478020285197265564.jpg,178,187,108,126,5
1478020285197265564.jpg,179,186,104,118,5
1478020285197265564.jpg,310,318,107,125,5
1478020285197265564.jpg,328,479,136,181,1
1478020285197265564.jpg,333,341,140,162,3
1478020285691193851.jpg,23,31,112,127,5
1478020285691193851.jpg,59,101,94,250,3
1478020285691193851.jpg,139,293,135,194,1
1478020285691193851.jpg,178,187,108,126,5
1478020285691193851.jpg,179,186,104,118,5
1478020285691193851.jpg,310,318,107,125,5
1478020286191401014.jpg,23,31,112,127,5
1478020286191401014.jpg,50,70,141,157,4
1478020286191401014.jpg,54,66,143,165,4
1478020286191401014.jpg,178,187,108,126,5
1478020286191401014.jpg,179,186,104,118,5
1478020286191401014.jpg,184,195,147,158,1
1478020286191401014.jpg,261,279,144,164,1
1478020286191401014.jpg,280,434,130,189,1
1478020286191401014.jpg,310,318,107,125,5
1478020286691706747.jpg,23,31,112,127,5
1478020286691706747.jpg,50,70,141,157,4
1478020286691706747.jpg,54,66,143,165,4
1478020286691706747.jpg,178,187,108,126,5
1478020286691706747.jpg,179,186,104,118,5
1478020286691706747.jpg,184,195,147,158,1
1478020286691706747.jpg,261,279,144,164,1
1478020286691706747.jpg,310,318,107,125,5
1478020286691706747.jpg,338,349,140,163,3
1478020286691706747.jpg,340,348,140,161,3
1478020287197839763.jpg,23,31,112,127,5
1478020287197839763.jpg,50,70,141,157,4
1478020287197839763.jpg,54,66,143,165,4
1478020287197839763.jpg,178,187,108,126,5
1478020287197839763.jpg,179,186,104,118,5
1478020287197839763.jpg,180,191,147,158,1
1478020287197839763.jpg,261,279,144,164,1
1478020287197839763.jpg,310,318,107,125,5
1478020287197839763.jpg,342,353,139,162,3
1478020287197839763.jpg,343,351,139,161,3
1478020287697841375.jpg,23,31,112,127,5
1478020287697841375.jpg,54,66,143,165,4
1478020287697841375.jpg,178,187,108,126,5
1478020287697841375.jpg,180,191,147,158,1
1478020287697841375.jpg,310,318,107,125,5
1478020287697841375.jpg,348,356,140,161,3
1478020288198083383.jpg,23,31,112,127,5
1478020288198083383.jpg,54,66,143,165,4
1478020288198083383.jpg,178,187,108,126,5
1478020288198083383.jpg,180,191,147,158,1
1478020288198083383.jpg,310,318,107,125,5
1478020288198083383.jpg,352,360,139,161,3
1478020288692028187.jpg,23,31,112,127,5
1478020288692028187.jpg,54,66,143,165,4
1478020288692028187.jpg,178,187,108,126,5
1478020288692028187.jpg,180,191,147,158,1
1478020288692028187.jpg,310,318,107,125,5
1478020288692028187.jpg,358,366,139,161,3
1478020289193426867.jpg,23,31,113,127,5
1478020289193426867.jpg,54,66,143,165,4
1478020289193426867.jpg,178,187,108,126,5
1478020289193426867.jpg,180,191,147,158,1
1478020289193426867.jpg,254,282,142,163,1
1478020289193426867.jpg,310,318,107,125,5
1478020289193426867.jpg,357,372,135,161,3
1478020289193426867.jpg,363,371,139,161,3
1478020289699341574.jpg,22,31,113,127,5
1478020289699341574.jpg,52,64,144,156,4
1478020289699341574.jpg,178,187,108,126,5
1478020289699341574.jpg,180,191,147,158,1
1478020289699341574.jpg,254,282,142,163,1
1478020289699341574.jpg,309,318,106,125,5
1478020289699341574.jpg,363,371,139,160,3
1478020289699341574.jpg,366,376,136,161,3
1478020290197860608.jpg,22,31,113,127,5
1478020290197860608.jpg,55,65,144,157,4
1478020290197860608.jpg,178,187,108,126,5
1478020290197860608.jpg,180,191,147,158,1
1478020290197860608.jpg,254,282,142,163,1
1478020290197860608.jpg,309,318,106,125,5
1478020290197860608.jpg,369,379,135,160,3
1478020290197860608.jpg,372,380,138,160,3
1478020290697453052.jpg,2,84,134,186,1
1478020290697453052.jpg,22,31,113,127,5
1478020290697453052.jpg,178,187,108,126,5
1478020290697453052.jpg,180,191,147,158,1
1478020290697453052.jpg,254,282,142,163,1
1478020290697453052.jpg,309,318,106,125,5
1478020290697453052.jpg,378,389,137,162,3
1478020290697453052.jpg,382,390,138,159,3
1478020291199453460.jpg,22,31,113,127,5
1478020291199453460.jpg,32,195,136,187,1
1478020291199453460.jpg,178,187,108,126,5
1478020291199453460.jpg,180,191,147,158,1
1478020291199453460.jpg,254,282,142,163,1
1478020291199453460.jpg,309,318,106,125,5
1478020291199453460.jpg,386,397,134,159,3
1478020291199453460.jpg,389,397,138,159,3
1478020291692201953.jpg,22,31,113,127,5
1478020291692201953.jpg,55,65,144,157,4
1478020291692201953.jpg,149,311,135,189,1
1478020291692201953.jpg,178,187,108,126,5
1478020291692201953.jpg,180,191,147,158,1
1478020291692201953.jpg,254,282,142,163,1
1478020291692201953.jpg,309,318,106,125,5
1478020291692201953.jpg,398,406,138,159,3
1478020291692201953.jpg,399,409,135,160,3
1478020292192550265.jpg,22,31,113,127,5
1478020292192550265.jpg,55,65,143,157,4
1478020292192550265.jpg,178,187,108,126,5
1478020292192550265.jpg,180,191,147,158,1
1478020292192550265.jpg,254,282,142,163,1
1478020292192550265.jpg,257,278,144,163,1
1478020292192550265.jpg,273,434,129,190,1
1478020292192550265.jpg,309,318,106,125,5
1478020292192550265.jpg,401,411,134,159,3
1478020292192550265.jpg,406,414,138,159,3
1478020292701401714.jpg,22,31,113,127,5
1478020292701401714.jpg,55,65,143,157,4
1478020292701401714.jpg,178,187,108,125,5
1478020292701401714.jpg,180,191,147,158,1
1478020292701401714.jpg,254,282,142,163,1
1478020292701401714.jpg,257,278,144,163,1
1478020292701401714.jpg,309,318,106,125,5
1478020292701401714.jpg,406,414,134,159,3
1478020292701401714.jpg,416,424,138,159,3
1478020293193012100.jpg,22,31,113,127,5
1478020293193012100.jpg,54,65,142,157,4
1478020293193012100.jpg,178,187,108,125,5
1478020293193012100.jpg,180,191,147,158,1
1478020293193012100.jpg,254,282,142,163,1
1478020293193012100.jpg,257,278,144,163,1
1478020293193012100.jpg,309,318,106,125,5
1478020293193012100.jpg,426,434,138,159,3
1478020293697722118.jpg,22,31,113,128,5
1478020293697722118.jpg,54,65,142,157,4
1478020293697722118.jpg,178,187,108,125,5
1478020293697722118.jpg,180,191,147,158,1
1478020293697722118.jpg,254,282,142,163,1
1478020293697722118.jpg,257,278,144,163,1
1478020293697722118.jpg,309,318,106,125,5
1478020293697722118.jpg,435,443,138,159,3
1478020294192192791.jpg,22,31,113,128,5
1478020294192192791.jpg,54,65,142,157,4
1478020294192192791.jpg,178,187,108,125,5
1478020294192192791.jpg,180,191,147,158,1
1478020294192192791.jpg,254,282,142,163,1
1478020294192192791.jpg,257,278,144,163,1
1478020294192192791.jpg,309,318,106,125,5
1478020294192192791.jpg,443,451,138,159,3
1478020294691570078.jpg,22,31,113,128,5
1478020294691570078.jpg,54,65,141,157,4
1478020294691570078.jpg,178,187,108,125,5
1478020294691570078.jpg,180,191,147,158,1
1478020294691570078.jpg,254,282,142,163,1
1478020294691570078.jpg,257,278,144,163,1
1478020294691570078.jpg,309,318,106,125,5
1478020294691570078.jpg,452,460,138,159,3
1478020295192032509.jpg,22,31,113,128,5
1478020295192032509.jpg,54,66,141,158,4
1478020295192032509.jpg,178,187,108,125,5
1478020295192032509.jpg,180,191,147,158,1
1478020295192032509.jpg,254,282,142,163,1
1478020295192032509.jpg,257,278,144,163,1
1478020295192032509.jpg,309,318,106,125,5
1478020295192032509.jpg,461,469,136,158,3
1478020295698459455.jpg,22,31,113,128,5
1478020295698459455.jpg,53,65,141,158,4
1478020295698459455.jpg,178,187,108,125,5
1478020295698459455.jpg,180,191,147,158,1
1478020295698459455.jpg,254,282,142,163,1
1478020295698459455.jpg,257,278,144,163,1
1478020295698459455.jpg,309,318,106,125,5
1478020296199926725.jpg,22,31,113,128,5
1478020296199926725.jpg,53,64,141,159,4
1478020296199926725.jpg,178,187,108,125,5
1478020296199926725.jpg,180,191,147,158,1
1478020296199926725.jpg,254,282,142,163,1
1478020296199926725.jpg,257,278,144,163,1
1478020296199926725.jpg,309,318,106,125,5
1478020296697349606.jpg,22,31,113,128,5
1478020296697349606.jpg,53,64,141,160,4
1478020296697349606.jpg,178,187,108,125,5
1478020296697349606.jpg,180,191,147,158,1
1478020296697349606.jpg,254,282,142,163,1
1478020296697349606.jpg,257,278,144,163,1
1478020296697349606.jpg,309,318,106,125,5
1478020296697349606.jpg,445,477,127,256,1
1478020297191534570.jpg,22,31,113,128,5
1478020297191534570.jpg,42,62,141,167,4
1478020297191534570.jpg,178,187,108,125,5
1478020297191534570.jpg,180,191,147,158,1
1478020297191534570.jpg,254,282,142,163,1
1478020297191534570.jpg,257,278,144,163,1
1478020297191534570.jpg,309,318,106,125,5
1478020297191534570.jpg,440,479,119,248,1
1478020297691704932.jpg,22,31,113,128,5
1478020297691704932.jpg,36,56,142,169,4
1478020297691704932.jpg,178,187,108,125,5
1478020297691704932.jpg,180,191,147,158,1
1478020297691704932.jpg,254,282,142,163,1
1478020297691704932.jpg,257,278,144,163,1
1478020297691704932.jpg,309,318,106,125,5
1478020297691704932.jpg,440,479,109,237,1
1478020298191539209.jpg,22,31,113,128,5
1478020298191539209.jpg,28,48,142,169,4
1478020298191539209.jpg,178,187,108,125,5
1478020298191539209.jpg,180,191,147,158,1
1478020298191539209.jpg,254,282,142,163,1
1478020298191539209.jpg,257,278,144,163,1
1478020298191539209.jpg,309,318,106,125,5
1478020298191539209.jpg,448,479,105,234,1
1478020298698253922.jpg,19,39,143,170,4
1478020298698253922.jpg,22,31,113,128,5
1478020298698253922.jpg,178,187,108,124,5
1478020298698253922.jpg,180,191,147,158,1
1478020298698253922.jpg,254,282,142,163,1
1478020298698253922.jpg,257,278,144,163,1
1478020298698253922.jpg,309,318,106,125,5
1478020298698253922.jpg,457,479,105,234,1
1478020299201040702.jpg,5,26,142,169,4
1478020299201040702.jpg,22,31,113,128,5
1478020299201040702.jpg,178,187,108,124,5
1478020299201040702.jpg,180,191,147,158,1
1478020299201040702.jpg,254,282,142,163,1
1478020299201040702.jpg,257,278,144,163,1
1478020299201040702.jpg,309,318,106,125,5
1478020299691687122.jpg,22,31,113,128,5
1478020299691687122.jpg,178,187,108,124,5
1478020299691687122.jpg,180,191,147,158,1
1478020299691687122.jpg,254,282,142,163,1
1478020299691687122.jpg,257,278,144,163,1
1478020299691687122.jpg,309,318,106,125,5
1478020300198426240.jpg,22,31,113,128,5
1478020300198426240.jpg,178,187,108,124,5
1478020300198426240.jpg,254,282,142,163,1
1478020300198426240.jpg,309,318,106,125,5
1478020300691292636.jpg,22,31,113,128,5
1478020300691292636.jpg,178,187,108,124,5
1478020300691292636.jpg,254,282,142,163,1
1478020300691292636.jpg,309,318,106,125,5
1478020301191662741.jpg,22,31,113,128,5
1478020301191662741.jpg,178,187,108,124,5
1478020301191662741.jpg,254,282,142,163,1
1478020301191662741.jpg,309,318,106,125,5
1478020301692584665.jpg,22,31,113,129,5
1478020301692584665.jpg,178,187,108,124,5
1478020301692584665.jpg,254,282,142,163,1
1478020301692584665.jpg,309,319,106,125,5
1478020302199703539.jpg,21,31,113,129,5
1478020302199703539.jpg,31,81,144,167,1
1478020302199703539.jpg,178,187,107,124,5
1478020302199703539.jpg,254,281,142,163,1
1478020302199703539.jpg,308,319,106,125,5
1478020302700970163.jpg,5,72,142,165,1
1478020302700970163.jpg,21,31,113,129,5
